Date,Adj Close
2000-02-01,13.86
2000-02-02,13.38
2000-02-03,13.09
2000-02-04,12.99
2000-02-07,12.89
2000-02-08,12.65
2000-02-09,12.27
2000-02-10,11.88
2000-02-11,11.5
2000-02-14,11.5
2000-02-15,11.69
2000-02-16,13.95
2000-02-17,14.63
2000-02-18,14.05
2000-02-22,13.42
2000-02-23,13.09
2000-02-24,13.18
2000-02-25,12.89
2000-02-28,13.09
2000-02-29,13.76
2000-03-01,13.04
2000-03-02,12.7
2000-03-03,12.7
2000-03-06,12.08
2000-03-07,11.31
2000-03-08,11.35
2000-03-09,11.74
2000-03-10,11.64
2000-03-13,11.5
2000-03-14,11.5
2000-03-15,11.88
2000-03-16,13.57
2000-03-17,13.13
2000-03-20,12.75
2000-03-21,14
2000-03-22,13.66
2000-03-23,14.39
2000-03-24,14.63
2000-03-27,14.24
2000-03-28,14.63
2000-03-29,14.71
2000-03-30,16.21
2000-03-31,17.71
2000-04-03,17.42
2000-04-04,16.89
2000-04-05,16.89
2000-04-06,16.31
2000-04-07,16.45
2000-04-10,16.74
2000-04-11,16.26
2000-04-12,16.7
2000-04-13,17.03
2000-04-14,16.31
2000-04-17,15.97
2000-04-18,16.12
2000-04-19,15.87
2000-04-20,16.07
2000-04-24,17.86
2000-04-25,19.55
2000-04-26,18.58
2000-04-27,18.92
2000-04-28,18.53
2000-05-01,19.99
2000-05-02,19.36
2000-05-03,19.31
2000-05-04,19.65
2000-05-05,19.21
2000-05-08,18.92
2000-05-09,20.13
2000-05-10,19.89
2000-05-11,20.13
2000-05-12,20.18
2000-05-15,20.66
2000-05-16,20.66
2000-05-17,20.42
2000-05-18,21.39
2000-05-19,21.05
2000-05-22,20.81
2000-05-23,21.05
2000-05-24,21.68
2000-05-25,20.86
2000-05-26,20.28
2000-05-30,21.63
2000-05-31,20.86
2000-06-01,21.92
2000-06-02,23.57
2000-06-05,22.5
2000-06-06,23.13
2000-06-07,23.37
2000-06-08,22.41
2000-06-09,22.02
2000-06-12,21.97
2000-06-13,22.02
2000-06-14,22.45
2000-06-15,21.83
2000-06-16,21.87
2000-06-19,22.45
2000-06-20,21.87
2000-06-21,21.1
2000-06-22,20.57
2000-06-23,20.81
2000-06-26,20.37
2000-06-27,20.62
2000-06-28,21.3
2000-06-29,21.79
2000-06-30,21.79
2000-07-03,21.79
2000-07-05,21.45
2000-07-06,21.93
2000-07-07,22.66
2000-07-10,22.95
2000-07-11,23.39
2000-07-12,24.32
2000-07-13,24.22
2000-07-14,24.56
2000-07-17,24.41
2000-07-18,23.68
2000-07-19,23.34
2000-07-20,24.07
2000-07-21,24.22
2000-07-24,23.34
2000-07-25,24.27
2000-07-26,25.92
2000-07-27,28.55
2000-07-28,27.62
2000-07-31,27.96
2000-08-01,26.65
2000-08-02,25.39
2000-08-03,26.07
2000-08-04,26.36
2000-08-07,26.8
2000-08-08,26.99
2000-08-09,25.68
2000-08-10,26.16
2000-08-11,26.55
2000-08-14,27.38
2000-08-15,27.38
2000-08-16,27.33
2000-08-17,27.82
2000-08-18,27.57
2000-08-21,27.23
2000-08-22,26.8
2000-08-23,26.6
2000-08-24,26.5
2000-08-25,26.31
2000-08-28,25.87
2000-08-29,25.92
2000-08-30,26.26
2000-08-31,27.33
2000-09-01,27.04
2000-09-05,27.14
2000-09-06,25.97
2000-09-07,26.16
2000-09-08,27.18
2000-09-11,27.23
2000-09-12,27.53
2000-09-13,27.87
2000-09-14,27.87
2000-09-15,28.06
2000-09-18,28.21
2000-09-19,28.79
2000-09-20,28.4
2000-09-21,29.76
2000-09-22,30.15
2000-09-25,29.08
2000-09-26,30.1
2000-09-27,30.79
2000-09-28,31.03
2000-09-29,30.64
2000-10-02,30.45
2000-10-03,29.28
2000-10-04,29.23
2000-10-05,28.89
2000-10-06,27.81
2000-10-09,27.67
2000-10-10,26.89
2000-10-11,27.62
2000-10-12,26.2
2000-10-13,26.84
2000-10-16,27.18
2000-10-17,27.08
2000-10-18,28.15
2000-10-19,29.52
2000-10-20,29.62
2000-10-23,30.06
2000-10-24,29.91
2000-10-25,30.25
2000-10-26,29.91
2000-10-27,30.64
2000-10-30,31.72
2000-10-31,30.64
2000-11-01,31.08
2000-11-02,31.57
2000-11-03,30.5
2000-11-06,29.91
2000-11-07,30.45
2000-11-08,30.59
2000-11-09,30.3
2000-11-10,31.33
2000-11-13,30.64
2000-11-14,31.18
2000-11-15,31.28
2000-11-16,31.08
2000-11-17,31.23
2000-11-20,30.55
2000-11-21,30.45
2000-11-22,29.96
2000-11-24,30.3
2000-11-27,29.86
2000-11-28,30.25
2000-11-29,31.08
2000-11-30,30.84
2000-12-01,30.64
2000-12-04,30.94
2000-12-05,32.01
2000-12-06,32.06
2000-12-07,32.4
2000-12-08,34.01
2000-12-11,33.62
2000-12-12,32.79
2000-12-13,31.23
2000-12-14,30.45
2000-12-15,29.72
2000-12-18,30.84
2000-12-19,29.37
2000-12-20,28.89
2000-12-21,31.62
2000-12-22,31.57
2000-12-26,32.74
2000-12-27,33.38
2000-12-28,33.53
2000-12-29,33.23
2001-01-02,32.3
2001-01-03,30.84
2001-01-04,29.17
2001-01-05,29.71
2001-01-08,29.91
2001-01-09,28.58
2001-01-10,28.49
2001-01-11,28.19
2001-01-12,27.26
2001-01-16,28.49
2001-01-17,27.51
2001-01-18,28.58
2001-01-19,27.85
2001-01-22,29.27
2001-01-23,30.15
2001-01-24,30.2
2001-01-25,30.49
2001-01-26,30.1
2001-01-29,30.22
2001-01-30,29.52
2001-01-31,28.98
2001-02-01,28.52
2001-02-02,29.72
2001-02-05,30.37
2001-02-06,29.67
2001-02-07,30.31
2001-02-08,29.39
2001-02-09,29.53
2001-02-12,29.84
2001-02-13,30.06
2001-02-14,30.7
2001-02-15,29.68
2001-02-16,29.56
2001-02-20,28.58
2001-02-21,27.68
2001-02-22,28.43
2001-02-23,28.66
2001-02-26,28.98
2001-02-27,29.44
2001-02-28,28.66
2001-03-01,28.95
2001-03-02,29.45
2001-03-05,28.95
2001-03-06,28.7
2001-03-07,29.05
2001-03-08,29.53
2001-03-09,29.73
2001-03-12,29.4
2001-03-13,29.49
2001-03-14,28.88
2001-03-15,29.76
2001-03-16,29.38
2001-03-19,27.61
2001-03-20,27.1
2001-03-21,26.71
2001-03-22,25.92
2001-03-23,26.08
2001-03-26,26.74
2001-03-27,26.55
2001-03-28,26.81
2001-03-29,27.11
2001-03-30,28.9
2001-04-02,28.2
2001-04-03,26.89
2001-04-04,26.34
2001-04-05,26.65
2001-04-06,25.13
2001-04-09,25
2001-04-10,25.86
2001-04-11,25.28
2001-04-12,25.18
2001-04-16,24.94
2001-04-17,26.06
2001-04-18,27.99
2001-04-19,28.7
2001-04-20,27.71
2001-04-23,28.22
2001-04-24,26.65
2001-04-25,26.49
2001-04-26,27.36
2001-04-27,27.68
2001-04-30,28.07
2001-05-01,28.44
2001-05-02,28.14
2001-05-03,27.51
2001-05-04,27.43
2001-05-07,26.97
2001-05-08,27.71
2001-05-09,27.72
2001-05-10,27.32
2001-05-11,27.83
2001-05-14,28.39
2001-05-15,28.9
2001-05-16,29.02
2001-05-17,29
2001-05-18,29.45
2001-05-21,29.89
2001-05-22,29.24
2001-05-23,29.49
2001-05-24,29.98
2001-05-25,29.48
2001-05-29,30.28
2001-05-30,30.6
2001-05-31,30.6
2001-06-01,30.08
2001-06-04,30.6
2001-06-05,30.97
2001-06-06,30.99
2001-06-07,31.5
2001-06-08,31.31
2001-06-11,30.9
2001-06-12,30.83
2001-06-13,30.9
2001-06-14,30.9
2001-06-15,30.44
2001-06-18,29.72
2001-06-19,28.7
2001-06-20,29.1
2001-06-21,29.14
2001-06-22,29.6
2001-06-25,29.02
2001-06-26,29.66
2001-06-27,30.44
2001-06-28,31.46
2001-06-29,30.99
2001-07-02,30.69
2001-07-03,30.66
2001-07-05,29.89
2001-07-06,29.97
2001-07-09,29.36
2001-07-10,28.67
2001-07-11,28.28
2001-07-12,28.3
2001-07-13,28.41
2001-07-16,28.51
2001-07-17,28.14
2001-07-18,27.63
2001-07-19,26.81
2001-07-20,26.76
2001-07-23,26.64
2001-07-24,26.48
2001-07-25,26.25
2001-07-26,26.41
2001-07-27,26.29
2001-07-30,26.68
2001-07-31,27.67
2001-08-01,27.43
2001-08-02,26.85
2001-08-03,27.63
2001-08-06,27.63
2001-08-07,28.54
2001-08-08,28.14
2001-08-09,28.14
2001-08-10,28.15
2001-08-13,28.66
2001-08-14,29.01
2001-08-15,28.96
2001-08-16,29.02
2001-08-17,28.45
2001-08-20,27.98
2001-08-21,27.75
2001-08-22,27.19
2001-08-23,27.54
2001-08-24,27.21
2001-08-27,26.75
2001-08-28,26.54
2001-08-29,26.37
2001-08-30,26.08
2001-08-31,26.3
2001-09-04,26.41
2001-09-05,26.92
2001-09-06,26.78
2001-09-07,26.21
2001-09-10,26.16
2001-09-17,22.6
2001-09-18,20.6
2001-09-19,19.03
2001-09-20,16.61
2001-09-21,16.25
2001-09-24,18.84
2001-09-25,19.82
2001-09-26,20.09
2001-09-27,21.96
2001-09-28,23.02
2001-10-01,23.13
2001-10-02,23.05
2001-10-03,27.36
2001-10-04,27.2
2001-10-05,26.57
2001-10-08,26.49
2001-10-09,28.79
2001-10-10,28.71
2001-10-11,29.23
2001-10-12,29.54
2001-10-15,29.57
2001-10-16,30.78
2001-10-17,30.46
2001-10-18,29.4
2001-10-19,29.11
2001-10-22,29.6
2001-10-23,29.3
2001-10-24,29.72
2001-10-25,28.23
2001-10-26,29.31
2001-10-29,29.19
2001-10-30,29.36
2001-10-31,28.11
2001-11-01,29.88
2001-11-02,30.57
2001-11-05,31.91
2001-11-06,31.87
2001-11-07,31.83
2001-11-08,30.58
2001-11-09,29.36
2001-11-12,29.43
2001-11-13,29.35
2001-11-14,29.03
2001-11-15,29.03
2001-11-16,29.71
2001-11-19,30.62
2001-11-20,30.5
2001-11-21,31.02
2001-11-23,30.49
2001-11-26,30.43
2001-11-27,30.78
2001-11-28,29.99
2001-11-29,30.93
2001-11-30,30.39
2001-12-03,30.66
2001-12-04,31.37
2001-12-05,31.1
2001-12-06,31.09
2001-12-07,31.1
2001-12-10,30.47
2001-12-11,30.15
2001-12-12,29.91
2001-12-13,29.6
2001-12-14,29.91
2001-12-17,30.23
2001-12-18,30.55
2001-12-19,30.82
2001-12-20,30.66
2001-12-21,30.95
2001-12-24,30.97
2001-12-26,31.86
2001-12-27,31.99
2001-12-28,32.24
2001-12-31,32.14
2002-01-02,31.6
2002-01-03,31.23
2002-01-04,30.82
2002-01-07,30.5
2002-01-08,30.2
2002-01-09,30.78
2002-01-10,30.4
2002-01-11,30.42
2002-01-14,29.02
2002-01-15,29.75
2002-01-16,29.34
2002-01-17,28.26
2002-01-18,28.71
2002-01-22,28.47
2002-01-23,28.18
2002-01-24,29.58
2002-01-25,30.34
2002-01-28,30.54
2002-01-29,30.78
2002-01-30,30.6
2002-01-31,31.1
2002-02-01,31.27
2002-02-04,30.92
2002-02-05,30.83
2002-02-06,30.66
2002-02-07,31.19
2002-02-08,31.02
2002-02-11,31.58
2002-02-12,32.15
2002-02-13,35.22
2002-02-14,35.22
2002-02-15,34.58
2002-02-19,33.61
2002-02-20,34.02
2002-02-21,33.48
2002-02-22,33.59
2002-02-25,34.04
2002-02-26,34.71
2002-02-27,35.42
2002-02-28,35.14
2002-03-01,34.42
2002-03-04,34.55
2002-03-05,35.14
2002-03-06,35.54
2002-03-07,34.51
2002-03-08,33.77
2002-03-11,33.86
2002-03-12,33.7
2002-03-13,33.68
2002-03-14,34.82
2002-03-15,34.82
2002-03-18,33.74
2002-03-19,32.98
2002-03-20,32.22
2002-03-21,33.55
2002-03-22,33.85
2002-03-25,32.39
2002-03-26,32.37
2002-03-27,32.88
2002-03-28,33.51
2002-04-01,33.58
2002-04-02,33.96
2002-04-03,33.99
2002-04-04,34.55
2002-04-05,34.66
2002-04-08,35.12
2002-04-09,35.51
2002-04-10,36.01
2002-04-11,35.7
2002-04-12,35.68
2002-04-15,34.66
2002-04-16,34.55
2002-04-17,34.87
2002-04-18,34.86
2002-04-19,35.2
2002-04-22,35.21
2002-04-23,34.67
2002-04-24,34.66
2002-04-25,33.95
2002-04-26,34.07
2002-04-29,33.47
2002-04-30,34.97
2002-05-01,31.89
2002-05-02,29.24
2002-05-03,29.72
2002-05-06,28.93
2002-05-07,28.64
2002-05-08,28.52
2002-05-09,28.25
2002-05-10,27.48
2002-05-13,28.08
2002-05-14,27.72
2002-05-15,27.43
2002-05-16,26.83
2002-05-17,26.8
2002-05-20,26.35
2002-05-21,27.08
2002-05-22,26.27
2002-05-23,27.63
2002-05-24,28.32
2002-05-28,27.91
2002-05-29,28.24
2002-05-30,27.42
2002-05-31,27.81
2002-06-03,27.26
2002-06-04,26.48
2002-06-05,27.15
2002-06-06,26.4
2002-06-07,25.87
2002-06-10,26.19
2002-06-11,25.62
2002-06-12,25.92
2002-06-13,25.83
2002-06-14,26.1
2002-06-17,26.97
2002-06-18,27.21
2002-06-19,26.59
2002-06-20,26.67
2002-06-21,26.76
2002-06-24,26.44
2002-06-25,26.11
2002-06-26,25.36
2002-06-27,24.23
2002-06-28,25.52
2002-07-01,24.43
2002-07-02,23.55
2002-07-03,23.94
2002-07-05,24.73
2002-07-08,24.27
2002-07-09,24.03
2002-07-10,22.45
2002-07-11,23.65
2002-07-12,23.83
2002-07-15,23.59
2002-07-16,23.13
2002-07-17,22.63
2002-07-18,20.52
2002-07-19,20.84
2002-07-22,19.99
2002-07-23,18.84
2002-07-24,19.59
2002-07-25,19.87
2002-07-26,21.64
2002-07-29,23.46
2002-07-30,24.47
2002-07-31,25.58
2002-08-01,25.67
2002-08-02,25.12
2002-08-05,23.46
2002-08-06,24.47
2002-08-07,23.8
2002-08-08,25.7
2002-08-09,25.64
2002-08-12,26.08
2002-08-13,25.65
2002-08-14,26.32
2002-08-16,26.53
2002-08-19,26.9
2002-08-20,26.61
2002-08-21,26.4
2002-08-22,27.46
2002-08-23,26.77
2002-08-26,27.33
2002-08-27,26.38
2002-08-28,26.13
2002-08-29,25.61
2002-08-30,25.69
2002-09-03,24.66
2002-09-04,24.75
2002-09-05,24.85
2002-09-06,25.11
2002-09-09,25.6
2002-09-10,25.33
2002-09-11,25.38
2002-09-12,26.54
2002-09-13,27.08
2002-09-17,26.37
2002-09-18,26.35
2002-09-19,25.52
2002-09-20,25.86
2002-09-23,25.03
2002-09-24,24.18
2002-09-25,24.15
2002-09-26,25.35
2002-09-27,24.33
2002-09-30,24.05
2002-10-01,24.86
2002-10-02,23.03
2002-10-03,23.36
2002-10-04,23.42
2002-10-07,22.28
2002-10-08,24.11
2002-10-09,22.87
2002-10-10,24.78
2002-10-11,26.33
2002-10-14,24.77
2002-10-15,27.01
2002-10-16,26.77
2002-10-17,28.19
2002-10-18,28.23
2002-10-21,29.57
2002-10-22,28.81
2002-10-23,27.83
2002-10-24,27.12
2002-10-25,27.71
2002-10-28,27.61
2002-10-29,27.13
2002-10-30,26.27
2002-10-31,24.98
2002-11-01,25.09
2002-11-04,25.83
2002-11-05,25.43
2002-11-06,25.87
2002-11-07,25.3
2002-11-08,24.96
2002-11-11,25.1
2002-11-12,25.04
2002-11-13,24.95
2002-11-14,25.39
2002-11-15,25.56
2002-11-18,25.84
2002-11-19,26.18
2002-11-20,26.81
2002-11-21,26.6
2002-11-22,27.63
2002-11-25,26.52
2002-11-26,26.57
2002-11-27,27.14
2002-11-29,27.7
2002-12-02,27.13
2002-12-03,27.37
2002-12-04,27.03
2002-12-05,26.7
2002-12-06,26.13
2002-12-09,25.41
2002-12-10,26.04
2002-12-11,26.25
2002-12-12,26.12
2002-12-13,25.45
2002-12-16,25.87
2002-12-17,25.48
2002-12-18,25.16
2002-12-19,24.21
2002-12-20,24.37
2002-12-23,23.81
2002-12-24,23.88
2002-12-26,24.11
2002-12-27,23.65
2002-12-30,23.91
2002-12-31,23.97
2003-01-02,24.93
2003-01-03,25.08
2003-01-06,26.12
2003-01-07,25.97
2003-01-08,25.47
2003-01-09,26.04
2003-01-10,25.82
2003-01-13,25.33
2003-01-14,24.94
2003-01-15,24.73
2003-01-16,23.73
2003-01-17,23.7
2003-01-21,23.38
2003-01-22,22.94
2003-01-23,23.05
2003-01-24,22.64
2003-01-27,23.92
2003-01-28,24.5
2003-01-29,24.59
2003-01-30,23.74
2003-01-31,24.06
2003-02-03,24.31
2003-02-04,23.08
2003-02-05,22.67
2003-02-06,22.63
2003-02-07,22.61
2003-02-10,23.39
2003-02-11,22.8
2003-02-12,22.63
2003-02-13,22.31
2003-02-14,22.8
2003-02-18,23.07
2003-02-19,23.09
2003-02-20,22.71
2003-02-21,23.15
2003-02-24,22.65
2003-02-25,22.7
2003-02-26,21.92
2003-02-27,22.53
2003-02-28,22.64
2003-03-03,22.65
2003-03-04,22.31
2003-03-05,22.22
2003-03-06,22.02
2003-03-07,22.03
2003-03-10,21.19
2003-03-11,19.96
2003-03-12,19.41
2003-03-13,20.51
2003-03-14,21.73
2003-03-17,22.49
2003-03-18,22.63
2003-03-19,23.21
2003-03-20,23.26
2003-03-21,24.79
2003-03-24,23.83
2003-03-25,24.06
2003-03-26,24.09
2003-03-27,24.16
2003-03-28,24.24
2003-03-31,23.79
2003-04-01,24.12
2003-04-02,25.14
2003-04-03,25.11
2003-04-04,26.06
2003-04-07,25.4
2003-04-08,25.39
2003-04-09,25.14
2003-04-10,24.7
2003-04-11,24.47
2003-04-14,25.15
2003-04-15,25.64
2003-04-16,25.22
2003-04-17,25.91
2003-04-21,26.04
2003-04-22,27.89
2003-04-23,28.41
2003-04-24,27.62
2003-04-25,26.87
2003-04-28,27.53
2003-04-29,27.28
2003-04-30,27.19
2003-05-01,27.56
2003-05-02,28.44
2003-05-05,27.74
2003-05-06,27.71
2003-05-07,27
2003-05-08,26.51
2003-05-09,27.26
2003-05-12,28.17
2003-05-13,27.65
2003-05-14,28.22
2003-05-15,28.31
2003-05-16,28.39
2003-05-19,27.81
2003-05-20,27.6
2003-05-21,27.44
2003-05-22,27.47
2003-05-23,27.56
2003-05-27,28.3
2003-05-28,28.68
2003-05-29,28.6
2003-05-30,30
2003-06-02,30.41
2003-06-03,29.3
2003-06-04,28.97
2003-06-05,29.82
2003-06-06,29.27
2003-06-09,28.4
2003-06-10,28.84
2003-06-11,29.41
2003-06-12,29.53
2003-06-13,29.4
2003-06-16,30.21
2003-06-17,29.87
2003-06-18,29.76
2003-06-19,28.69
2003-06-20,28.51
2003-06-23,28.32
2003-06-24,29.5
2003-06-25,29.09
2003-06-26,29.7
2003-06-27,28.79
2003-06-30,28.33
2003-07-01,28.5
2003-07-02,28.48
2003-07-03,28.34
2003-07-07,28.75
2003-07-08,28.9
2003-07-09,28.7
2003-07-10,28.01
2003-07-11,27.89
2003-07-14,28.48
2003-07-15,28.6
2003-07-16,27.75
2003-07-17,27.39
2003-07-18,27.56
2003-07-21,27.31
2003-07-22,27.05
2003-07-23,26.19
2003-07-24,26.03
2003-07-25,26.51
2003-07-28,26.94
2003-07-29,27.18
2003-07-30,27.74
2003-07-31,27.26
2003-08-01,26.57
2003-08-04,26.8
2003-08-05,26.56
2003-08-06,26.92
2003-08-07,26.34
2003-08-08,27
2003-08-11,27.08
2003-08-12,27.4
2003-08-13,27.06
2003-08-14,27.27
2003-08-15,27.37
2003-08-18,27.3
2003-08-19,27.12
2003-08-20,27.79
2003-08-21,27.79
2003-08-22,27.41
2003-08-25,27.31
2003-08-26,27.16
2003-08-27,26.94
2003-08-28,26.45
2003-08-29,26.61
2003-09-02,26.69
2003-09-03,26.69
2003-09-04,26.61
2003-09-05,26.85
2003-09-08,27.32
2003-09-09,27.08
2003-09-10,27.2
2003-09-11,26.67
2003-09-12,26.32
2003-09-15,26.44
2003-09-16,27.53
2003-09-17,27.64
2003-09-18,27.94
2003-09-19,27.7
2003-09-22,27.51
2003-09-23,27.85
2003-09-24,27.18
2003-09-25,27.12
2003-09-26,27.09
2003-09-29,27.91
2003-09-30,27.49
2003-10-01,28.23
2003-10-02,28.59
2003-10-03,29.09
2003-10-06,29.13
2003-10-07,28.95
2003-10-08,29.05
2003-10-09,28.66
2003-10-10,28.27
2003-10-13,28.66
2003-10-14,29.05
2003-10-15,29.26
2003-10-16,29.02
2003-10-17,28.22
2003-10-20,28.38
2003-10-21,28.61
2003-10-22,27.9
2003-10-23,28.41
2003-10-24,28.31
2003-10-27,28.46
2003-10-28,28.11
2003-10-29,29.79
2003-10-30,29.65
2003-10-31,29.92
2003-11-03,30.37
2003-11-04,29.98
2003-11-05,29.32
2003-11-06,29.33
2003-11-07,28.71
2003-11-10,28.96
2003-11-11,29.3
2003-11-12,29.62
2003-11-13,29.41
2003-11-14,28.99
2003-11-17,28.91
2003-11-18,28.65
2003-11-19,28.55
2003-11-20,28.38
2003-11-21,28.48
2003-11-24,28.69
2003-11-25,29.79
2003-11-26,30.13
2003-11-28,30.29
2003-12-01,30.81
2003-12-02,31.85
2003-12-03,31.58
2003-12-04,31.83
2003-12-05,32.17
2003-12-08,32.39
2003-12-09,32.25
2003-12-10,31.75
2003-12-11,32
2003-12-12,32.22
2003-12-15,31.67
2003-12-16,31.81
2003-12-17,32.03
2003-12-18,32.12
2003-12-19,32.94
2003-12-22,33.35
2003-12-23,33.62
2003-12-24,34.15
2003-12-26,34.15
2003-12-29,34.36
2003-12-30,34.47
2003-12-31,34.58
2004-01-02,34.36
2004-01-05,34.65
2004-01-06,34.55
2004-01-07,34.4
2004-01-08,35.01
2004-01-09,35.15
2004-01-12,35.87
2004-01-13,35.95
2004-01-14,36.24
2004-01-15,36.16
2004-01-16,36.48
2004-01-20,35.73
2004-01-21,36.39
2004-01-22,35.92
2004-01-23,35.63
2004-01-26,36.2
2004-01-27,36.1
2004-01-28,35.83
2004-01-29,35.44
2004-01-30,36.25
2004-02-02,36.39
2004-02-03,36.61
2004-02-04,36.29
2004-02-05,37.61
2004-02-06,37.24
2004-02-09,37.22
2004-02-10,37.03
2004-02-11,37.3
2004-02-12,37.64
2004-02-13,37.69
2004-02-17,37.4
2004-02-18,37.32
2004-02-19,36.96
2004-02-20,37.14
2004-02-23,36.88
2004-02-24,36.59
2004-02-25,36.37
2004-02-26,36.54
2004-02-27,37.54
2004-03-01,37.24
2004-03-02,37.15
2004-03-03,37.78
2004-03-04,37.59
2004-03-05,37.66
2004-03-08,37.58
2004-03-09,37.1
2004-03-10,36.66
2004-03-11,35.81
2004-03-12,36.89
2004-03-15,35.52
2004-03-16,35.67
2004-03-17,36.19
2004-03-18,35.74
2004-03-19,35.45
2004-03-22,35.06
2004-03-23,35.23
2004-03-24,34.77
2004-03-25,35.28
2004-03-26,35.35
2004-03-29,36.1
2004-03-30,35.99
2004-03-31,35.78
2004-04-01,36.11
2004-04-02,36.94
2004-04-05,37.67
2004-04-06,37.62
2004-04-07,37.6
2004-04-08,37.74
2004-04-12,38.36
2004-04-13,38.07
2004-04-14,36.74
2004-04-15,36.3
2004-04-16,36.36
2004-04-19,36.27
2004-04-20,35.53
2004-04-21,35.64
2004-04-22,36.48
2004-04-23,36.15
2004-04-26,35.77
2004-04-27,36.24
2004-04-28,37.24
2004-04-29,37.51
2004-04-30,36.77
2004-05-03,36.73
2004-05-04,36.4
2004-05-05,36.24
2004-05-06,35.97
2004-05-07,35.08
2004-05-10,34.2
2004-05-11,34.91
2004-05-12,34.55
2004-05-13,34.72
2004-05-14,34.71
2004-05-17,34.14
2004-05-18,34.07
2004-05-19,33.87
2004-05-20,33.26
2004-05-21,34.54
2004-05-24,34.59
2004-05-25,35
2004-05-26,34.97
2004-05-27,34.81
2004-05-28,34.54
2004-06-01,35.06
2004-06-02,35.06
2004-06-03,35.14
2004-06-04,35.45
2004-06-07,36.06
2004-06-08,35.98
2004-06-09,35.58
2004-06-10,35.21
2004-06-14,35
2004-06-15,35.02
2004-06-16,35.23
2004-06-17,35.71
2004-06-18,35.56
2004-06-21,35.78
2004-06-22,35.75
2004-06-23,35.86
2004-06-24,35.94
2004-06-25,35.81
2004-06-28,35.68
2004-06-29,35.56
2004-06-30,35.64
2004-07-01,35.44
2004-07-02,35.31
2004-07-06,34.86
2004-07-07,34.72
2004-07-08,35.08
2004-07-09,35.34
2004-07-12,35.55
2004-07-13,35.87
2004-07-14,35.8
2004-07-15,35.94
2004-07-16,35.64
2004-07-19,35.34
2004-07-20,34.02
2004-07-21,33.36
2004-07-22,32.95
2004-07-23,32.58
2004-07-26,33.25
2004-07-27,33.35
2004-07-28,33.66
2004-07-29,33.72
2004-07-30,34.21
2004-08-02,33.65
2004-08-03,33.23
2004-08-04,33.38
2004-08-05,32.63
2004-08-06,32.39
2004-08-09,32.26
2004-08-10,32.51
2004-08-11,32.56
2004-08-12,32.28
2004-08-13,32.26
2004-08-16,32.95
2004-08-17,32.78
2004-08-18,33.11
2004-08-19,33.23
2004-08-20,33.11
2004-08-23,32.87
2004-08-24,33.02
2004-08-25,33.06
2004-08-26,32.85
2004-08-27,32.89
2004-08-30,32.7
2004-08-31,32.49
2004-09-01,31.62
2004-09-02,32.37
2004-09-03,32.83
2004-09-07,33.08
2004-09-08,32.74
2004-09-09,32.66
2004-09-10,32.74
2004-09-13,33.17
2004-09-14,33.37
2004-09-15,33.54
2004-09-16,33.86
2004-09-17,33.68
2004-09-20,33.56
2004-09-21,33.56
2004-09-22,33.08
2004-09-23,33.1
2004-09-24,33.03
2004-09-27,32.35
2004-09-28,33
2004-09-29,32.92
2004-09-30,33.95
2004-10-01,34.83
2004-10-04,35.91
2004-10-05,35.83
2004-10-06,35.83
2004-10-07,35.37
2004-10-08,34.78
2004-10-11,34.32
2004-10-12,34.21
2004-10-13,34.16
2004-10-14,30.91
2004-10-15,29.64
2004-10-18,29.98
2004-10-19,28.09
2004-10-20,28.81
2004-10-21,28.82
2004-10-22,29.28
2004-10-25,29.48
2004-10-26,31.51
2004-10-27,31.44
2004-10-28,32.19
2004-10-29,32.25
2004-11-01,32.44
2004-11-02,32.16
2004-11-03,32.63
2004-11-04,33.07
2004-11-05,33.13
2004-11-08,33.25
2004-11-09,33.38
2004-11-10,33.18
2004-11-11,33.38
2004-11-12,33.22
2004-11-15,33.3
2004-11-16,32.81
2004-11-17,32.8
2004-11-18,33
2004-11-19,33.04
2004-11-22,33.42
2004-11-23,33.57
2004-11-24,34.07
2004-11-26,34.05
2004-11-29,34.24
2004-11-30,34.25
2004-12-01,34.75
2004-12-02,34.92
2004-12-03,34.78
2004-12-06,34.53
2004-12-07,33.96
2004-12-08,33.72
2004-12-09,34.27
2004-12-10,34.42
2004-12-13,34.92
2004-12-14,35.66
2004-12-15,35.42
2004-12-16,35.34
2004-12-17,35.98
2004-12-20,35.76
2004-12-21,35.57
2004-12-22,36.02
2004-12-23,35.72
2004-12-27,35.5
2004-12-28,36.07
2004-12-29,36.03
2004-12-30,36.31
2004-12-31,36.41
2005-01-03,36.05
2005-01-04,35.96
2005-01-05,35.93
2005-01-06,36.33
2005-01-07,36.2
2005-01-10,35.92
2005-01-11,36.23
2005-01-12,36.42
2005-01-13,36.1
2005-01-14,36.2
2005-01-18,37.06
2005-01-19,37.35
2005-01-20,37.2
2005-01-21,36.48
2005-01-24,35.97
2005-01-25,36.28
2005-01-26,36.77
2005-01-27,36.41
2005-01-28,35.88
2005-01-31,36.96
2005-02-01,37.36
2005-02-02,37.47
2005-02-03,37.92
2005-02-04,39.16
2005-02-07,39.17
2005-02-08,38.88
2005-02-09,39
2005-02-10,39.23
2005-02-11,40.24
2005-02-14,39.87
2005-02-15,39.89
2005-02-16,39.1
2005-02-17,38.55
2005-02-18,38.25
2005-02-22,37.52
2005-02-23,37.88
2005-02-24,38.04
2005-02-25,38.31
2005-02-28,37.87
2005-03-01,38.19
2005-03-02,38.37
2005-03-03,38.51
2005-03-04,38.85
2005-03-07,39.04
2005-03-08,38.96
2005-03-09,38.68
2005-03-10,38.73
2005-03-11,38.86
2005-03-14,38.69
2005-03-15,37.75
2005-03-16,38
2005-03-17,37.38
2005-03-18,36.66
2005-03-21,36.48
2005-03-22,35.65
2005-03-23,35.64
2005-03-24,35.51
2005-03-28,35.98
2005-03-29,36.09
2005-03-30,35.95
2005-03-31,35.32
2005-04-01,34.18
2005-04-04,35.31
2005-04-05,35.22
2005-04-06,35.36
2005-04-07,35.34
2005-04-08,34.41
2005-04-11,34.45
2005-04-12,34.96
2005-04-13,34.29
2005-04-14,33.68
2005-04-15,33.63
2005-04-18,33.63
2005-04-19,33.83
2005-04-20,33.12
2005-04-21,34.12
2005-04-22,34.25
2005-04-25,34.06
2005-04-26,33.91
2005-04-27,35.51
2005-04-28,35.66
2005-04-29,36.77
2005-05-02,36.76
2005-05-03,36.8
2005-05-04,37.79
2005-05-05,37.22
2005-05-06,37.13
2005-05-09,37.43
2005-05-10,36.51
2005-05-11,36.48
2005-05-12,36.41
2005-05-13,35.79
2005-05-16,36.48
2005-05-17,37.24
2005-05-18,37.16
2005-05-19,37.28
2005-05-20,37.11
2005-05-23,37.08
2005-05-24,36.98
2005-05-25,36.97
2005-05-26,37.19
2005-05-27,37.15
2005-05-31,36.99
2005-06-01,37.4
2005-06-02,37.36
2005-06-03,37.04
2005-06-06,37.38
2005-06-07,38.05
2005-06-08,38.05
2005-06-09,38.3
2005-06-10,38.25
2005-06-13,38.44
2005-06-14,39.18
2005-06-15,38.92
2005-06-16,39.29
2005-06-17,39.29
2005-06-20,38.86
2005-06-21,39.11
2005-06-22,38.81
2005-06-23,38.09
2005-06-24,37.52
2005-06-27,37.71
2005-06-28,38.5
2005-06-29,38.81
2005-06-30,38.59
2005-07-01,38.97
2005-07-05,39.25
2005-07-06,38.74
2005-07-07,38.99
2005-07-08,39.06
2005-07-11,39.12
2005-07-12,38.99
2005-07-13,38.57
2005-07-14,39.14
2005-07-15,39.48
2005-07-18,39.23
2005-07-19,39.75
2005-07-20,40.1
2005-07-21,39.8
2005-07-22,40.02
2005-07-25,39.85
2005-07-26,39.4
2005-07-27,40.01
2005-07-28,40.18
2005-07-29,39.76
2005-08-01,39.78
2005-08-02,40.34
2005-08-03,40.42
2005-08-04,39.95
2005-08-05,39.35
2005-08-08,39.02
2005-08-09,39.19
2005-08-10,39.05
2005-08-11,39.24
2005-08-12,38.62
2005-08-15,38.59
2005-08-16,38.23
2005-08-17,38.39
2005-08-18,38.37
2005-08-19,38.81
2005-08-22,38.99
2005-08-23,38.85
2005-08-24,38.45
2005-08-25,38.5
2005-08-26,38.76
2005-08-29,38.3
2005-08-30,38.02
2005-08-31,38.21
2005-09-01,38.46
2005-09-02,38.4
2005-09-06,38.68
2005-09-07,38.8
2005-09-08,37.73
2005-09-09,38.01
2005-09-12,38.56
2005-09-13,39.84
2005-09-14,38.93
2005-09-15,39.56
2005-09-16,40.71
2005-09-19,39.71
2005-09-20,39.3
2005-09-21,37.9
2005-09-22,37.41
2005-09-23,39.48
2005-09-26,39.49
2005-09-27,39.3
2005-09-28,39.24
2005-09-29,40.4
2005-09-30,40.71
2005-10-03,39.42
2005-10-04,40.95
2005-10-05,41.33
2005-10-06,41.49
2005-10-07,41.47
2005-10-10,41.13
2005-10-11,41.09
2005-10-12,40.94
2005-10-13,41.47
2005-10-14,42.43
2005-10-17,42.84
2005-10-18,43.28
2005-10-19,43.07
2005-10-20,42.14
2005-10-21,43.36
2005-10-24,43.67
2005-10-25,43.39
2005-10-26,44.1
2005-10-27,43.56
2005-10-28,44.58
2005-10-31,45.05
2005-11-01,44.81
2005-11-02,45.69
2005-11-03,45.92
2005-11-04,46.26
2005-11-07,46.61
2005-11-08,46.36
2005-11-09,46.53
2005-11-10,48.11
2005-11-11,48.34
2005-11-14,48.92
2005-11-15,47.88
2005-11-16,47.43
2005-11-17,48.06
2005-11-18,48.2
2005-11-21,48.21
2005-11-22,47.72
2005-11-23,48.67
2005-11-25,48.47
2005-11-28,47.9
2005-11-29,48.31
2005-11-30,48
2005-12-01,48.06
2005-12-02,48
2005-12-05,47.36
2005-12-06,46.33
2005-12-07,45.95
2005-12-08,46.66
2005-12-09,47.51
2005-12-12,47.51
2005-12-13,47.56
2005-12-14,47.48
2005-12-15,46.57
2005-12-16,47.39
2005-12-19,46.2
2005-12-20,46.52
2005-12-21,46.61
2005-12-22,46.5
2005-12-23,46.55
2005-12-27,46.23
2005-12-28,46.81
2005-12-29,46.8
2005-12-30,46.41
2006-01-03,47.37
2006-01-04,48.18
2006-01-05,
2006-01-06,
2006-01-09,
2006-01-10,
2006-01-11,
2006-01-12,
2006-01-13,
2006-01-17,
2006-01-18,
2006-01-19,
2006-01-20,
2006-01-23,
2006-01-24,
2006-01-25,
2006-01-26,
2006-01-27,
2006-01-30,
2006-01-31,
2006-02-01,
2006-02-02,
2006-02-03,
2006-02-06,
2006-02-07,
2006-02-08,
2006-02-09,
2006-02-10,
2006-02-13,
2006-02-14,
2006-02-15,
2006-02-16,
2006-02-17,
2006-02-21,
2006-02-22,
2006-02-23,
2006-02-24,
2006-02-27,
2006-02-28,
2006-03-01,
2006-03-02,
2006-03-03,
2006-03-06,
2006-03-07,
2006-03-08,
2006-03-09,
2006-03-10,
2006-03-13,
2006-03-14,
2006-03-15,
2006-03-16,
2006-03-17,
2006-03-20,
2006-03-21,
2006-03-22,
2006-03-23,
2006-03-24,
2006-03-27,
2006-03-28,
2006-03-29,
2006-03-30,
2006-03-31,
2006-04-03,
2006-04-04,
2006-04-05,
2006-04-06,
2006-04-07,
2006-04-10,
2006-04-11,
2006-04-12,
2006-04-13,
2006-04-17,
2006-04-18,
2006-04-19,
2006-04-20,
2006-04-21,
2006-04-24,
2006-04-25,
2006-04-26,
2006-04-27,
2006-04-28,
2006-05-01,
2006-05-02,
2006-05-03,
2006-05-04,
2006-05-05,
2006-05-08,
2006-05-09,
2006-05-10,
2006-05-11,
2006-05-12,
2006-05-15,
2006-05-16,
2006-05-17,
2006-05-18,
2006-05-19,
2006-05-22,
2006-05-23,
2006-05-24,
2006-05-25,
2006-05-26,
2006-05-30,
2006-05-31,
2006-06-01,
2006-06-02,
2006-06-05,
2006-06-06,
2006-06-07,
2006-06-08,
2006-06-09,
2006-06-12,
2006-06-13,
2006-06-14,
2006-06-15,
2006-06-16,
2006-06-19,
2006-06-20,
2006-06-21,
2006-06-22,
2006-06-23,
2006-06-26,
2006-06-27,
2006-06-28,
2006-06-29,
2006-06-30,
2006-07-03,
2006-07-05,
2006-07-06,
2006-07-07,
2006-07-10,
2006-07-11,
2006-07-12,
2006-07-13,
2006-07-14,
2006-07-17,
2006-07-18,
2006-07-19,
2006-07-20,
2006-07-21,
2006-07-24,
2006-07-25,
2006-07-26,
2006-07-27,
2006-07-28,
2006-07-31,
2006-08-01,
2006-08-02,
2006-08-03,
2006-08-04,
2006-08-07,
2006-08-08,
2006-08-09,
2006-08-10,
2006-08-11,
2006-08-14,
2006-08-15,
2006-08-16,
2006-08-17,
2006-08-18,
2006-08-21,
2006-08-22,
2006-08-23,
2006-08-24,
2006-08-25,
2006-08-28,
2006-08-29,
2006-08-30,
2006-08-31,
2006-09-01,
2006-09-05,
2006-09-06,
2006-09-07,
2006-09-08,
2006-09-11,
2006-09-12,
2006-09-13,
2006-09-14,
2006-09-15,
2006-09-18,
2006-09-19,
2006-09-20,
2006-09-21,
2006-09-22,
2006-09-25,
2006-09-26,
2006-09-27,
2006-09-28,
2006-09-29,
2006-10-02,
2006-10-03,
2006-10-04,
2006-10-05,
2006-10-06,
2006-10-09,
2006-10-10,
2006-10-11,
2006-10-12,
2006-10-13,
2006-10-16,
2006-10-17,
2006-10-18,
2006-10-19,
2006-10-20,
2006-10-23,
2006-10-24,
2006-10-25,
2006-10-26,
2006-10-27,
2006-10-30,
2006-10-31,
2006-11-01,
2006-11-02,
2006-11-03,
2006-11-06,
2006-11-07,
2006-11-08,
2006-11-09,
2006-11-10,
2006-11-13,
2006-11-14,
2006-11-15,
2006-11-16,
2006-11-17,
2006-11-20,
2006-11-21,
2006-11-22,
2006-11-24,
2006-11-27,
2006-11-28,
2006-11-29,
2006-11-30,
2006-12-01,
2006-12-04,
2006-12-05,
2006-12-06,
2006-12-07,
2006-12-08,
2006-12-11,
2006-12-12,
2006-12-13,
2006-12-14,
2006-12-15,
2006-12-18,
2006-12-19,
2006-12-20,
2006-12-21,
2006-12-22,
2006-12-26,
2006-12-27,
2006-12-28,
2006-12-29,
2007-01-03,
2007-01-04,
2007-01-05,
2007-01-08,
2007-01-09,
2007-01-10,
2007-01-11,
2007-01-12,
2007-01-16,
2007-01-17,
2007-01-18,
2007-01-19,
2007-01-22,
2007-01-23,
2007-01-24,
2007-01-25,
2007-01-26,
2007-01-29,
2007-01-30,
2007-01-31,
2007-02-01,
2007-02-02,
2007-02-05,
2007-02-06,
2007-02-07,
2007-02-08,
2007-02-09,
2007-02-12,
2007-02-13,
2007-02-14,
2007-02-15,
2007-02-16,
2007-02-20,
2007-02-21,
2007-02-22,
2007-02-23,
2007-02-26,
2007-02-27,
2007-02-28,
2007-03-01,
2007-03-02,
2007-03-05,
2007-03-06,
2007-03-07,
2007-03-08,
2007-03-09,
2007-03-12,
2007-03-13,
2007-03-14,
2007-03-15,
2007-03-16,
2007-03-19,
2007-03-20,
2007-03-21,
2007-03-22,
2007-03-23,
2007-03-26,
2007-03-27,
2007-03-28,
2007-03-29,
2007-03-30,
2007-04-02,
2007-04-03,
2007-04-04,
2007-04-05,
2007-04-09,
2007-04-10,
2007-04-11,
2007-04-12,
2007-04-13,
2007-04-16,
2007-04-17,
2007-04-18,
2007-04-19,
2007-04-20,
2007-04-23,
2007-04-24,
2007-04-25,
2007-04-26,
2007-04-27,
2007-04-30,
2007-05-01,
2007-05-02,
2007-05-03,
2007-05-04,
2007-05-07,
2007-05-08,
2007-05-09,
2007-05-10,
2007-05-11,
2007-05-14,
2007-05-15,
2007-05-16,
2007-05-17,
2007-05-18,
2007-05-21,
2007-05-22,
2007-05-23,
2007-05-24,
2007-05-25,
2007-05-29,
2007-05-30,
2007-05-31,
2007-06-01,
2007-06-04,
2007-06-05,
2007-06-06,
2007-06-07,
2007-06-08,
2007-06-11,
2007-06-12,
2007-06-13,
2007-06-14,
2007-06-15,
2007-06-18,
2007-06-19,
2007-06-20,
2007-06-21,
2007-06-22,
2007-06-25,
2007-06-26,
2007-06-27,
2007-06-28,
2007-06-29,
2007-07-02,
2007-07-03,
2007-07-05,
2007-07-06,
2007-07-09,
2007-07-10,
2007-07-11,
2007-07-12,
2007-07-13,
2007-07-16,
2007-07-17,
2007-07-18,
2007-07-19,
2007-07-20,
2007-07-23,
2007-07-24,
2007-07-25,
2007-07-26,
2007-07-27,
2007-07-30,
2007-07-31,
2007-08-01,
2007-08-02,
2007-08-03,
2007-08-06,
2007-08-07,
2007-08-08,
2007-08-09,
2007-08-10,
2007-08-13,
2007-08-14,
2007-08-15,
2007-08-16,
2007-08-17,
2007-08-20,
2007-08-21,
2007-08-22,
2007-08-23,
2007-08-24,
2007-08-27,
2007-08-28,
2007-08-29,
2007-08-30,
2007-08-31,
2007-09-04,
2007-09-05,
2007-09-06,
2007-09-07,
2007-09-10,
2007-09-11,
2007-09-12,
2007-09-13,
2007-09-14,
2007-09-17,
2007-09-18,
2007-09-19,
2007-09-20,
2007-09-21,
2007-09-24,
2007-09-25,
2007-09-26,
2007-09-27,
2007-09-28,
2007-10-01,
2007-10-02,
2007-10-03,
2007-10-04,
2007-10-05,
2007-10-08,
2007-10-09,
2007-10-10,
2007-10-11,
2007-10-12,
2007-10-15,
2007-10-16,
2007-10-17,
2007-10-18,
2007-10-19,
2007-10-22,
2007-10-23,
2007-10-24,
2007-10-25,
2007-10-26,
2007-10-29,
2007-10-30,
2007-10-31,
2007-11-01,
2007-11-02,
2007-11-05,
2007-11-06,
2007-11-07,
2007-11-08,
2007-11-09,
2007-11-12,
2007-11-13,
2007-11-14,
2007-11-15,
2007-11-16,
2007-11-19,
2007-11-20,
2007-11-21,
2007-11-23,
2007-11-26,
2007-11-27,
2007-11-28,
2007-11-29,
2007-11-30,
2007-12-03,
2007-12-04,
2007-12-05,
2007-12-06,
2007-12-07,
2007-12-10,
2007-12-11,
2007-12-12,
2007-12-13,
2007-12-14,
2007-12-17,
2007-12-18,
2007-12-19,
2007-12-20,
2007-12-21,
2007-12-24,
2007-12-26,
2007-12-27,
2007-12-28,
2007-12-31,
2008-01-02,
2008-01-03,
2008-01-04,
2008-01-07,
2008-01-08,
2008-01-09,
2008-01-10,
2008-01-11,
2008-01-14,
2008-01-15,
2008-01-16,
2008-01-17,
2008-01-18,
2008-01-22,
2008-01-23,
2008-01-24,
2008-01-25,
2008-01-28,
2008-01-29,
2008-01-30,
2008-01-31,
2008-02-01,
2008-02-04,
2008-02-05,
2008-02-06,
2008-02-07,
2008-02-08,
2008-02-11,
2008-02-12,
2008-02-13,
2008-02-14,
2008-02-15,
2008-02-19,
2008-02-20,
2008-02-21,
2008-02-22,
2008-02-25,
2008-02-26,
2008-02-27,
2008-02-28,
2008-02-29,
2008-03-03,
2008-03-04,
2008-03-05,
2008-03-06,
2008-03-07,
2008-03-10,
2008-03-11,
2008-03-12,
2008-03-13,
2008-03-14,
2008-03-17,
2008-03-18,
2008-03-19,
2008-03-20,
2008-03-24,
2008-03-25,
2008-03-26,
2008-03-27,
2008-03-28,
2008-03-31,
2008-04-01,
2008-04-02,
2008-04-03,
2008-04-04,
2008-04-07,
2008-04-08,
2008-04-09,
2008-04-10,
2008-04-11,
2008-04-14,
2008-04-15,
2008-04-16,
2008-04-17,
2008-04-18,
2008-04-21,
2008-04-22,
2008-04-23,
2008-04-24,
2008-04-25,
2008-04-28,
2008-04-29,
2008-04-30,
2008-05-01,
2008-05-02,
2008-05-05,
2008-05-06,
2008-05-07,
2008-05-08,
2008-05-09,
2008-05-12,
2008-05-13,
2008-05-14,
2008-05-15,
2008-05-16,
2008-05-19,
2008-05-20,
2008-05-21,
2008-05-22,
2008-05-23,
2008-05-27,
2008-05-28,
2008-05-29,
2008-05-30,
2008-06-02,
2008-06-03,
2008-06-04,
2008-06-05,
2008-06-06,
2008-06-09,
2008-06-10,
2008-06-11,
2008-06-12,
2008-06-13,
2008-06-16,
2008-06-17,
2008-06-18,
2008-06-19,
2008-06-20,
2008-06-23,
2008-06-24,
2008-06-25,
2008-06-26,
2008-06-27,
2008-06-30,
2008-07-01,
2008-07-02,
2008-07-03,
2008-07-07,
2008-07-08,
2008-07-09,
2008-07-10,
2008-07-11,
2008-07-14,
2008-07-15,
2008-07-16,
2008-07-17,
2008-07-18,
2008-07-21,
2008-07-22,
2008-07-23,
2008-07-24,
2008-07-25,
2008-07-28,
2008-07-29,
2008-07-30,
2008-07-31,
2008-08-01,
2008-08-04,
2008-08-05,
2008-08-06,
2008-08-07,
2008-08-08,
2008-08-11,
2008-08-12,
2008-08-13,
2008-08-14,
2008-08-15,
2008-08-18,
2008-08-19,
2008-08-20,
2008-08-21,
2008-08-22,
2008-08-25,
2008-08-26,
2008-08-27,
2008-08-28,
2008-08-29,
2008-09-02,
2008-09-03,
2008-09-04,
2008-09-05,
2008-09-08,
2008-09-09,
2008-09-10,
2008-09-11,
2008-09-12,
2008-09-15,
2008-09-16,
2008-09-17,
2008-09-18,
2008-09-19,
2008-09-22,
2008-09-23,
2008-09-24,
2008-09-25,
2008-09-26,
2008-09-29,
2008-09-30,
2008-10-01,
2008-10-02,
2008-10-03,
2008-10-06,
2008-10-07,
2008-10-08,
2008-10-09,
2008-10-10,
2008-10-13,
2008-10-14,
2008-10-15,
2008-10-16,
2008-10-17,
2008-10-20,
2008-10-21,
2008-10-22,
2008-10-23,
2008-10-24,
2008-10-27,
2008-10-28,
2008-10-29,
2008-10-30,
2008-10-31,
2008-11-03,
2008-11-04,
2008-11-05,
2008-11-06,
2008-11-07,
2008-11-10,
2008-11-11,
2008-11-12,
2008-11-13,
2008-11-14,
2008-11-17,
2008-11-18,
2008-11-19,
2008-11-20,
2008-11-21,
2008-11-24,
2008-11-25,
2008-11-26,
2008-11-28,
2008-12-01,
2008-12-02,
2008-12-03,
2008-12-04,
2008-12-05,
2008-12-08,
2008-12-09,
2008-12-10,
2008-12-11,
2008-12-12,
2008-12-15,
2008-12-16,
2008-12-17,
2008-12-18,
2008-12-19,
2008-12-22,
2008-12-23,
2008-12-24,
2008-12-26,
2008-12-29,
2008-12-30,
2008-12-31,
2009-01-02,
2009-01-05,
2009-01-06,
2009-01-07,
2009-01-08,
2009-01-09,
2009-01-12,
2009-01-13,
2009-01-14,
2009-01-15,
2009-01-16,
2009-01-20,
2009-01-21,
2009-01-22,
2009-01-23,
2009-01-26,
2009-01-27,
2009-01-28,
2009-01-29,
2009-01-30,
2009-02-02,
2009-02-03,
2009-02-04,
2009-02-05,
2009-02-06,
2009-02-09,
2009-02-10,
2009-02-11,
2009-02-12,
2009-02-13,
2009-02-17,
2009-02-18,
2009-02-19,
2009-02-20,
2009-02-23,
2009-02-24,
2009-02-25,
2009-02-26,
2009-02-27,
2009-03-02,
2009-03-03,
2009-03-04,
2009-03-05,
2009-03-06,
2009-03-09,
2009-03-10,
2009-03-11,
2009-03-12,
2009-03-13,
2009-03-16,
2009-03-17,
2009-03-18,
2009-03-19,
2009-03-20,
2009-03-23,
2009-03-24,
2009-03-25,
2009-03-26,
2009-03-27,
2009-03-30,
2009-03-31,
2009-04-01,
2009-04-02,
2009-04-03,
2009-04-06,
2009-04-07,
2009-04-08,
2009-04-09,
2009-04-13,
2009-04-14,
2009-04-15,
2009-04-16,
2009-04-17,
2009-04-20,
2009-04-21,
2009-04-22,
2009-04-23,
2009-04-24,
2009-04-27,
2009-04-28,
2009-04-29,
2009-04-30,
2009-05-01,
2009-05-04,
2009-05-05,
2009-05-06,
2009-05-07,
2009-05-08,
2009-05-11,
2009-05-12,
2009-05-13,
2009-05-14,
2009-05-15,
2009-05-18,
2009-05-19,
2009-05-20,
2009-05-21,
2009-05-22,
2009-05-26,
2009-05-27,
2009-05-28,
2009-05-29,
2009-06-01,
2009-06-02,
2009-06-03,
2009-06-04,
2009-06-05,
2009-06-08,
2009-06-09,
2009-06-10,
2009-06-11,
2009-06-12,
2009-06-15,
2009-06-16,
2009-06-17,
2009-06-18,
2009-06-19,
2009-06-22,
2009-06-23,
2009-06-24,
2009-06-25,
2009-06-26,
2009-06-29,
2009-06-30,
2009-07-01,
2009-07-02,
2009-07-06,
2009-07-07,
2009-07-08,
2009-07-09,
2009-07-10,
2009-07-13,
2009-07-14,
2009-07-15,
2009-07-16,
2009-07-17,
2009-07-20,
2009-07-21,
2009-07-22,
2009-07-23,
2009-07-24,
2009-07-27,
2009-07-28,
2009-07-29,
2009-07-30,
2009-07-31,
2009-08-03,
2009-08-04,
2009-08-05,
2009-08-06,
2009-08-07,
2009-08-10,
2009-08-11,
2009-08-12,
2009-08-13,
2009-08-14,
2009-08-17,
2009-08-18,
2009-08-19,
2009-08-20,
2009-08-21,
2009-08-24,
2009-08-25,
2009-08-26,
2009-08-27,
2009-08-28,
2009-08-31,
2009-09-01,
2009-09-02,
2009-09-03,
2009-09-04,
2009-09-08,
2009-09-09,
2009-09-10,
2009-09-11,
2009-09-14,
2009-09-15,
2009-09-16,
2009-09-17,
2009-09-18,
2009-09-21,
2009-09-22,
2009-09-23,
2009-09-24,
2009-09-25,
2009-09-28,
2009-09-29,
2009-09-30,
2009-10-01,
2009-10-02,
2009-10-05,
2009-10-06,
2009-10-07,
2009-10-08,
2009-10-09,
2009-10-12,
2009-10-13,
2009-10-14,
2009-10-15,
2009-10-16,
2009-10-19,
2009-10-20,
2009-10-21,
2009-10-22,
2009-10-23,
2009-10-26,
2009-10-27,
2009-10-28,
2009-10-29,
2009-10-30,
2009-11-02,
2009-11-03,
2009-11-04,
2009-11-05,
2009-11-06,
2009-11-09,
2009-11-10,
2009-11-11,
2009-11-12,
2009-11-13,
2009-11-16,
2009-11-17,
2009-11-18,
2009-11-19,
2009-11-20,
2009-11-23,
2009-11-24,
2009-11-25,
2009-11-27,
2009-11-30,
2009-12-01,
2009-12-02,
2009-12-03,
2009-12-04,
2009-12-07,
2009-12-08,
2009-12-09,
2009-12-10,
2009-12-11,
2009-12-14,
2009-12-15,
2009-12-16,
2009-12-17,
2009-12-18,
2009-12-21,
2009-12-22,
2009-12-23,
2009-12-24,
2009-12-28,
2009-12-29,
2009-12-30,
2009-12-31,
2010-01-04,
2010-01-05,
2010-01-06,
2010-01-07,
2010-01-08,
2010-01-11,
2010-01-12,
2010-01-13,
2010-01-14,
2010-01-15,
2010-01-19,
2010-01-20,
2010-01-21,
2010-01-22,
2010-01-25,
2010-01-26,
2010-01-27,
2010-01-28,
2010-01-29,
2010-02-01,
2010-02-02,
2010-02-03,
2010-02-04,
2010-02-05,
2010-02-08,
2010-02-09,
2010-02-10,
2010-02-11,
2010-02-12,
2010-02-16,
2010-02-17,
2010-02-18,
2010-02-19,
2010-02-22,
2010-02-23,
2010-02-24,
2010-02-25,
2010-02-26,
2010-03-01,
2010-03-02,
2010-03-03,
2010-03-04,
2010-03-05,
2010-03-08,
2010-03-09,
2010-03-10,
2010-03-11,
2010-03-12,
2010-03-15,
2010-03-16,
2010-03-17,
2010-03-18,
2010-03-19,
2010-03-22,
2010-03-23,
2010-03-24,
2010-03-25,
2010-03-26,
2010-03-29,
2010-03-30,
2010-03-31,
2010-04-01,
2010-04-05,
2010-04-06,
2010-04-07,
2010-04-08,
2010-04-09,
2010-04-12,
2010-04-13,
2010-04-14,
2010-04-15,
2010-04-16,
2010-04-19,
2010-04-20,
2010-04-21,
2010-04-22,
2010-04-23,
2010-04-26,
2010-04-27,
2010-04-28,
2010-04-29,
2010-04-30,
2010-05-03,
2010-05-04,
2010-05-05,
2010-05-06,
2010-05-07,
2010-05-10,
2010-05-11,
2010-05-12,
2010-05-13,
2010-05-14,
2010-05-17,
2010-05-18,
2010-05-19,
2010-05-20,
2010-05-21,
2010-05-24,
2010-05-25,
2010-05-26,
2010-05-27,
2010-05-28,
2010-06-01,
2010-06-02,
2010-06-03,
2010-06-04,
2010-06-07,
2010-06-08,
2010-06-09,
2010-06-10,
2010-06-11,
2010-06-14,
2010-06-15,
2010-06-16,
2010-06-17,
2010-06-18,
2010-06-21,
2010-06-22,
2010-06-23,
2010-06-24,
2010-06-25,
2010-06-28,
2010-06-29,
2010-06-30,
2010-07-01,
2010-07-02,
2010-07-06,
2010-07-07,
2010-07-08,
2010-07-09,
2010-07-12,
2010-07-13,
2010-07-14,
2010-07-15,
2010-07-16,
2010-07-19,
2010-07-20,
2010-07-21,
2010-07-22,
2010-07-23,
2010-07-26,
2010-07-27,
2010-07-28,
2010-07-29,
2010-07-30,
2010-08-02,
2010-08-03,
2010-08-04,
2010-08-05,
2010-08-06,
2010-08-09,
2010-08-10,
2010-08-11,
2010-08-12,
2010-08-13,
2010-08-16,
2010-08-17,
2010-08-18,
2010-08-19,
2010-08-20,
2010-08-23,
2010-08-24,
2010-08-25,
2010-08-26,
2010-08-27,
2010-08-30,
2010-08-31,
2010-09-01,
2010-09-02,
2010-09-03,
2010-09-07,
2010-09-08,
2010-09-09,
2010-09-10,
2010-09-13,
2010-09-14,
2010-09-15,
2010-09-16,
2010-09-17,
2010-09-20,
2010-09-21,
2010-09-22,
2010-09-23,
2010-09-24,
2010-09-27,
2010-09-28,
2010-09-29,
2010-09-30,
2010-10-01,
2010-10-04,
2010-10-05,
2010-10-06,
2010-10-07,
2010-10-08,
2010-10-11,
2010-10-12,
2010-10-13,
2010-10-14,
2010-10-15,
2010-10-18,
2010-10-19,
2010-10-20,
2010-10-21,
2010-10-22,
2010-10-25,
2010-10-26,
2010-10-27,
2010-10-28,
2010-10-29,
2010-11-01,
2010-11-02,
2010-11-03,
2010-11-04,
2010-11-05,
2010-11-08,
2010-11-09,
2010-11-10,
2010-11-11,
2010-11-12,
2010-11-15,
2010-11-16,
2010-11-17,
2010-11-18,
2010-11-19,
2010-11-22,
2010-11-23,
2010-11-24,
2010-11-26,
2010-11-29,
2010-11-30,
2010-12-01,
2010-12-02,
2010-12-03,
2010-12-06,
2010-12-07,
2010-12-08,
2010-12-09,
2010-12-10,
2010-12-13,
2010-12-14,
2010-12-15,
2010-12-16,
2010-12-17,
2010-12-20,
2010-12-21,
2010-12-22,
2010-12-23,
2010-12-27,
2010-12-28,
2010-12-29,
2010-12-30,
2010-12-31,
2011-01-03,
2011-01-04,
2011-01-05,
2011-01-06,
2011-01-07,
2011-01-10,
2011-01-11,
2011-01-12,
2011-01-13,
2011-01-14,
2011-01-18,
2011-01-19,
2011-01-20,
2011-01-21,
2011-01-24,
2011-01-25,
2011-01-26,
2011-01-27,
2011-01-28,
2011-01-31,
2011-02-01,
2011-02-02,
2011-02-03,
2011-02-04,
2011-02-07,
2011-02-08,
2011-02-09,
2011-02-10,
2011-02-11,
2011-02-14,
2011-02-15,
2011-02-16,
2011-02-17,
2011-02-18,
2011-02-22,
2011-02-23,
2011-02-24,
2011-02-25,
2011-02-28,
2011-03-01,
2011-03-02,
2011-03-03,
2011-03-04,
2011-03-07,
2011-03-08,
2011-03-09,
2011-03-10,
2011-03-11,
2011-03-14,
2011-03-15,
2011-03-16,
2011-03-17,
2011-03-18,
2011-03-21,
2011-03-22,
2011-03-23,
2011-03-24,
2011-03-25,
2011-03-28,
2011-03-29,
2011-03-30,
2011-03-31,
2011-04-01,
2011-04-04,
2011-04-05,
2011-04-06,
2011-04-07,
2011-04-08,
2011-04-11,
2011-04-12,
2011-04-13,
2011-04-14,
2011-04-15,
2011-04-18,
2011-04-19,
2011-04-20,
2011-04-21,
2011-04-25,
2011-04-26,
2011-04-27,
2011-04-28,
2011-04-29,
2011-05-02,
2011-05-03,
2011-05-04,
2011-05-05,
2011-05-06,
2011-05-09,
2011-05-10,
2011-05-11,
2011-05-12,
2011-05-13,
2011-05-16,
2011-05-17,
2011-05-18,
2011-05-19,
2011-05-20,
2011-05-23,
2011-05-24,
2011-05-25,
2011-05-26,
2011-05-27,
2011-05-31,
2011-06-01,
2011-06-02,
2011-06-03,
2011-06-06,
2011-06-07,
2011-06-08,
2011-06-09,
2011-06-10,
2011-06-13,
2011-06-14,
2011-06-15,
2011-06-16,
2011-06-17,
2011-06-20,
2011-06-21,
2011-06-22,
2011-06-23,
2011-06-24,
2011-06-27,
2011-06-28,
2011-06-29,
2011-06-30,
2011-07-01,
2011-07-05,
2011-07-06,
2011-07-07,
2011-07-08,
2011-07-11,
2011-07-12,
2011-07-13,
2011-07-14,
2011-07-15,
2011-07-18,
2011-07-19,
2011-07-20,
2011-07-21,
2011-07-22,
2011-07-25,
2011-07-26,
2011-07-27,
2011-07-28,
2011-07-29,
2011-08-01,
2011-08-02,
2011-08-03,
2011-08-04,
2011-08-05,
2011-08-08,
2011-08-09,
2011-08-10,
2011-08-11,
2011-08-12,
2011-08-15,
2011-08-16,
2011-08-17,
2011-08-18,
2011-08-19,
2011-08-22,
2011-08-23,
2011-08-24,
2011-08-25,
2011-08-26,
2011-08-29,
2011-08-30,
2011-08-31,
2011-09-01,
2011-09-02,
2011-09-06,
2011-09-07,
2011-09-08,
2011-09-09,
2011-09-12,
2011-09-13,
2011-09-14,
2011-09-15,
2011-09-16,
2011-09-19,
2011-09-20,
2011-09-21,
2011-09-22,
2011-09-23,
2011-09-26,
2011-09-27,
2011-09-28,
2011-09-29,
2011-09-30,
2011-10-03,
2011-10-04,
2011-10-05,
2011-10-06,
2011-10-07,
2011-10-10,
2011-10-11,
2011-10-12,
2011-10-13,
2011-10-14,
2011-10-17,
2011-10-18,
2011-10-19,
2011-10-20,
2011-10-21,
2011-10-24,
2011-10-25,
2011-10-26,
2011-10-27,
2011-10-28,
2011-10-31,
2011-11-01,
2011-11-02,
2011-11-03,
2011-11-04,
2011-11-07,
2011-11-08,
2011-11-09,
2011-11-10,
2011-11-11,
2011-11-14,
2011-11-15,
2011-11-16,
2011-11-17,
2011-11-18,
2011-11-21,
2011-11-22,
2011-11-23,
2011-11-25,
2011-11-28,
2011-11-29,
2011-11-30,
2011-12-01,
2011-12-02,
2011-12-05,
2011-12-06,
2011-12-07,
2011-12-08,
2011-12-09,
2011-12-12,
2011-12-13,
2011-12-14,
2011-12-15,
2011-12-16,
2011-12-19,
2011-12-20,
2011-12-21,
2011-12-22,
2011-12-23,
2011-12-27,
2011-12-28,
2011-12-29,
2011-12-30,
2012-01-03,
2012-01-04,
2012-01-05,
2012-01-06,
2012-01-09,
2012-01-10,
2012-01-11,
2012-01-12,
2012-01-13,
2012-01-17,
2012-01-18,
2012-01-19,
2012-01-20,
2012-01-23,
2012-01-24,
2012-01-25,
2012-01-26,
2012-01-27,
2012-01-30,
2012-01-31,
2012-02-01,
2012-02-02,
2012-02-03,
2012-02-06,
2012-02-07,
2012-02-08,
2012-02-09,
2012-02-10,
2012-02-13,
2012-02-14,
2012-02-15,
2012-02-16,
2012-02-17,
2012-02-21,
2012-02-22,
2012-02-23,
2012-02-24,
2012-02-27,
2012-02-28,
2012-02-29,
2012-03-01,
2012-03-02,
2012-03-05,
2012-03-06,
2012-03-07,
2012-03-08,
2012-03-09,
2012-03-12,
2012-03-13,
2012-03-14,
2012-03-15,
2012-03-16,
2012-03-19,
2012-03-20,
2012-03-21,
2012-03-22,
2012-03-23,
2012-03-26,
2012-03-27,
2012-03-28,
2012-03-29,
2012-03-30,
2012-04-02,
2012-04-03,
2012-04-04,
2012-04-05,
2012-04-09,
2012-04-10,
2012-04-11,
2012-04-12,
2012-04-13,
2012-04-16,
2012-04-17,
2012-04-18,
2012-04-19,
2012-04-20,
2012-04-23,
2012-04-24,
2012-04-25,
2012-04-26,
2012-04-27,
2012-04-30,
2012-05-01,
2012-05-02,
2012-05-03,
2012-05-04,
2012-05-07,
2012-05-08,
2012-05-09,
2012-05-10,
2012-05-11,
2012-05-14,
2012-05-15,
2012-05-16,
2012-05-17,
2012-05-18,
2012-05-21,
2012-05-22,
2012-05-23,
2012-05-24,
2012-05-25,
2012-05-29,
2012-05-30,
2012-05-31,
2012-06-01,
2012-06-04,
2012-06-05,
2012-06-06,
2012-06-07,
2012-06-08,
2012-06-11,
2012-06-12,
2012-06-13,
2012-06-14,
2012-06-15,
2012-06-18,
2012-06-19,
2012-06-20,
2012-06-21,
2012-06-22,
2012-06-25,
2012-06-26,
2012-06-27,
2012-06-28,
2012-06-29,
2012-07-02,
2012-07-03,
2012-07-05,
2012-07-06,
2012-07-09,
2012-07-10,
2012-07-11,
2012-07-12,
2012-07-13,
2012-07-16,
2012-07-17,
2012-07-18,
2012-07-19,
2012-07-20,
2012-07-23,
2012-07-24,
2012-07-25,
2012-07-26,
2012-07-27,
2012-07-30,
2012-07-31,
2012-08-01,
2012-08-02,
2012-08-03,
2012-08-06,
2012-08-07,
2012-08-08,
2012-08-09,
2012-08-10,
2012-08-13,
2012-08-14,
2012-08-15,
2012-08-16,
2012-08-17,
2012-08-20,
2012-08-21,
2012-08-22,
2012-08-23,
2012-08-24,
2012-08-27,
2012-08-28,
2012-08-29,
2012-08-30,
2012-08-31,
2012-09-04,
2012-09-05,
2012-09-06,
2012-09-07,
2012-09-10,
2012-09-11,
2012-09-12,
